Indicators,2003,2005,2007,2008,2009,2010,2011,2012,2013,2014,2003,2005,2007,2008,2009,2010,2011,2012,2013,2014,Age group
"Perceived health, very good or excellent 16","1,55,17,406","1,62,95,062","1,65,91,626","1,65,98,103","1,72,70,665","1,73,40,676","1,74,64,433","1,76,42,508","1,77,17,684","1,77,91,201",58.4,60.1,59.6,58.9,60.5,60.1,59.9,59.9,59.4,59,12
"Perceived health, fair or poor 16","30,12,952","30,28,493","31,51,351","32,24,567","31,51,459","33,43,478","33,51,560","32,14,237","32,79,792","34,91,653",11.3,11.2,11.3,11.4,11,11.6,11.5,10.9,11,11.6,12
"Perceived mental health, very good or excellent 17","1,90,25,099","1,97,83,687","2,02,33,236","2,04,64,443","2,06,47,059","2,08,92,543","2,07,62,080","2,07,22,747","2,07,46,233","2,10,06,324",73.4,74.4,74.8,74.4,73.9,73.9,72.6,71.7,71.1,71.1,12
"Perceived mental health, fair or poor 17","12,09,637","12,90,987","12,65,967","14,04,932","14,20,023","14,95,831","16,10,650","16,55,077","18,32,541","18,72,214",4.7,4.9,4.7,5.1,5.1,5.3,5.6,5.7,6.3,6.3,12
"Life satisfaction, satisfied or very satisfied 18 19","2,36,26,098","2,43,55,826","2,48,44,924","2,50,90,039","2,55,93,240","2,59,04,345","2,62,42,556","2,65,53,652","2,66,52,318","2,71,24,563",91.3,91.8,91.9,91.4,92.1,92.1,92.3,92.4,91.7,92.2,12
"Perceived life stress, quite a lot (15 years and over) 20 21","60,79,255","58,92,409","59,58,193","59,71,167","63,29,090","64,84,246","66,03,196","64,19,718","65,79,959","66,78,266",24.1,22.9,22.5,22.3,23.2,23.5,23.6,22.7,23,23,12
Arthritis 22 23,"44,52,000","44,35,869","41,61,808","43,04,752","42,08,488","44,51,557","47,56,842","43,76,806","45,50,415","48,01,390",17.6,17.2,15.7,16,15.4,16.1,17,15.4,15.9,16.5,12
Diabetes 24 25,"12,22,978","13,25,120","16,15,163","16,56,470","17,06,148","18,41,527","17,93,352","19,24,066","19,64,874","20,11,347",4.6,4.9,5.8,5.9,6,6.4,6.1,6.5,6.6,6.7,12
Asthma 26,"22,26,710","22,49,703","22,40,420","23,62,902","23,08,941","24,46,467","25,11,890","23,85,833","23,63,010","24,48,817",8.4,8.3,8.1,8.4,8.1,8.5,8.6,8.1,7.9,8.1,12
High blood pressure 27,"38,22,227","40,52,614","44,33,188","46,13,988","48,12,095","49,31,213","51,13,315","51,12,017","52,65,277","53,30,652",14.4,15,16,16.4,16.9,17.1,17.6,17.4,17.7,17.7,12
"Pain or discomfort by severity, moderate or severe 28 29","26,67,433","27,66,469","30,68,398","33,99,483","33,34,542","34,51,073","40,43,460","41,89,448","40,95,890","42,10,328",10.1,10.5,11.1,12.1,11.7,12,13.9,14.2,13.7,14,12
Pain or discomfort that prevents activities 29 30,"27,98,931","29,21,316","32,78,353","34,89,582","35,10,847","36,75,411","42,32,869","43,91,158","43,89,018","44,94,332",10.6,11,11.8,12.4,12.3,12.7,14.5,14.9,14.7,14.9,12
"Participation and activity limitation, sometimes or often 31 32","82,98,285","80,40,620","86,95,311","81,60,637","78,34,755","82,21,809",..,"99,02,260","94,31,396","97,90,570",31.3,29.7,31.3,29,27.5,28.5,..,33.7,31.7,32.6,12
"Current smoker, daily or occasional 33 34 35 36 37 38","60,85,126","58,74,689","61,12,442","60,09,311","57,30,321","59,67,259","57,64,843","59,33,095","57,22,635","54,10,937",23,21.8,22,21.4,20.1,20.8,19.9,20.3,19.3,18.1,12
"Current smoker, daily 33 34 35 37 38","47,28,797","44,79,985","48,35,078","47,05,963","44,30,078","44,92,655","43,78,384","45,32,283","42,60,785","40,41,354",17.9,16.6,17.4,16.8,15.6,15.6,15.1,15.5,14.4,13.5,12
Exposure to second-hand smoke at home 39,"21,48,104","18,47,735","15,99,608","14,63,446","14,17,072","13,31,928","12,68,943","10,97,658","10,69,994","9,62,682",10.6,8.8,7.4,6.6,6.2,5.9,5.5,4.7,4.5,3.9,12
"Exposure to second-hand smoke in the past month, in vehicles and/or public places 40","49,22,396","40,19,688","35,68,472","32,39,856","33,18,668","34,15,740","38,74,526","38,66,318","38,17,129","41,05,782",24.3,19.1,16.5,14.7,14.6,15,16.7,16.6,16,16.8,12
"Exposure to second-hand smoke in the past month, in vehicles 40","20,54,417","17,14,576","18,02,448","16,10,330","16,17,213","15,52,821","15,43,688","14,54,750","13,61,792","14,28,494",10.2,8.1,8.4,7.3,7.1,6.8,6.7,6.2,5.7,5.8,12
"Exposure to second-hand smoke in the past month, in public places 40","39,87,087","31,16,444","24,08,655","21,83,461","22,61,042","24,88,791","29,16,509","29,70,244","29,88,325","33,11,018",19.7,14.8,11.2,9.9,10,11,12.6,12.8,12.5,13.5,12
"5 or more drinks on one occasion, at least once a month in the past year (Terminated) 41 42","4,285,447t","4,609,378t","4,697,339t","4,650,444t","4,868,047t","4,935,024t","5,444,504t","5,042,829t",..t,..t,16.6t,17.3t,17.2t,16.7t,17.2t,17.3t,19.0t,17.4t,..t,..t,12
Heavy drinking 43,..,..,..,..,..,..,..,..,"55,31,638","52,81,113",..,..,..,..,..,..,..,..,18.9,17.9,12
"Fruit and vegetable consumption, 5 times or more per day 44 45","1,03,49,921","1,11,83,376","1,15,14,177","1,15,83,102","1,23,54,425","1,18,44,492","1,11,88,310","1,12,61,327","1,14,57,010","1,11,85,128",41.4,43.6,43.9,43.7,45.6,43.3,40.4,40.6,40.8,39.5,12
"Physical activity during leisure-time, moderately active or active 46 47","1,33,88,985","1,38,24,175","1,36,39,369","1,39,24,281","1,46,71,726","1,47,45,981","1,53,99,613","1,55,79,562","1,61,12,596","1,58,82,290",51.8,52.2,50.4,50.6,52.5,52.1,53.8,53.9,55.2,53.7,12
"Physical activity during leisure-time, inactive 46 47","1,24,63,896","1,26,73,186","1,34,22,135","1,35,88,843","1,32,82,966","1,35,58,737","1,32,10,385","1,33,46,297","1,31,00,111","1,36,82,781",48.2,47.8,49.6,49.4,47.5,47.9,46.2,46.1,44.8,46.3,12
"Body mass index, self-reported, adult (18 years and over), overweight or obese 48 49 50 51","1,14,76,904","1,18,97,306","1,21,32,327","1,23,89,673","1,27,31,188","1,30,99,396","1,32,11,116","1,34,85,120","1,39,41,347","1,42,22,521",49.4,50,50.8,51.1,51.6,52.3,52.1,52.5,53.6,54,12
"Body mass index, self-reported, adult (18 years and over), overweight 48 49 50 51","79,28,867","81,32,642","81,15,591","82,06,521","83,18,667","85,56,122","85,63,666","87,68,937","90,59,048","88,96,916",34.1,34.2,34,33.8,33.7,34.2,33.8,34.1,34.8,33.8,12
"Body mass index, self-reported, adult (18 years and over), obese 48 49 50 51","35,48,037","37,64,664","40,16,736","41,83,152","44,12,521","45,43,274","46,47,449","47,16,183","48,82,299","53,25,605",15.3,15.8,16.8,17.2,17.9,18.1,18.3,18.4,18.8,20.2,12
"Body mass index, self-reported, youth (12 to 17 years old), overweight or obese 48 49 52",..,"4,54,905","4,19,617","4,23,996","4,49,945","4,37,956","4,28,787","4,65,941","4,21,350","4,67,969",..,19.4,18.7,19.3,19.7,20,20.4,21.8,20.7,23.1,12
"Sense of belonging to local community, somewhat strong or very strong 53","1,63,66,536","1,69,07,385","1,72,64,300","1,76,24,220","1,80,63,540","1,83,51,078","1,82,88,463","1,88,57,175","1,90,44,557","1,94,35,211",63.9,64.4,64.6,65,65.4,65.4,64.8,66.1,65.9,66.4,12
Has a regular medical doctor 54,"2,28,10,448","2,32,32,228","2,36,04,601","2,37,89,718","2,42,31,191","2,44,64,320","2,47,16,116","2,50,87,068","2,51,98,985","2,56,22,471",85.9,85.7,84.9,84.4,84.9,84.8,84.7,85.1,84.5,85.1,12
Contact with a medical doctor in the past 12 months 32 55 56,"2,12,64,227","2,17,70,193","2,18,96,936","2,23,00,329","2,28,27,646","2,30,98,704",..,"2,30,26,446","2,32,63,508","2,36,35,892",80.5,80.7,79.1,79.5,80.5,80.6,..,78.7,78.5,79,12
"Influenza immunization, less than one year ago 57 58","70,74,232","88,81,432","84,65,532","86,29,366","89,16,181","71,54,173","85,75,234","82,92,255","84,90,304","95,37,957",27.6,33.8,31.6,31.7,32.2,25.5,30.2,28.9,29.3,32.5,12
Breastfeeding initiation 32 59 60,"11,89,003","12,61,409","13,12,478","13,27,243","12,87,746","13,79,492","13,70,544","14,28,053",..,..,84.8,87,87.1,88.3,87.5,87.2,88.4,90.3,..,..,12
"Exclusive breastfeeding, at least 6 months 32 59 61 62 63","2,27,553","279,266r","297,136r","351,147r","3,38,988","4,14,348","4,07,875","3,56,368",..,..,17.2,20.3r,21.0r,25.1r,24.4,27.7,27.8,24.2,..,..,12
Mood disorder 64,"13,94,385","15,14,409","17,87,016","19,05,238","18,12,086","18,82,731","20,41,587","21,05,882","22,64,640","23,46,244",5.3,5.6,6.4,6.8,6.3,6.5,7,7.1,7.6,7.8,12
"Wears a helmet when riding a bicycle, always 32 65",..,..,..,..,"41,52,643","41,74,325",..,..,"49,06,466","50,73,907",..,..,..,..,36.5,37.3,..,..,41.5,42.5,12
"Functional health, good to full 32 66 67 68",..,..,..,..,"2,29,21,991","2,30,34,037",..,..,"2,29,86,775","2,31,14,162",..,..,..,..,81.6,81.2,..,..,78.7,78.5,12
Injuries in the past 12 months causing limitation of normal activities 32 69,"35,04,792","36,47,567",..,..,"41,81,335","43,61,237",..,..,"47,74,144","46,93,521",13.2,13.8,..,..,14.6,15.1,..,..,16,15.6,12
"Injuries in the past 12 months, sought medical attention 32 69 70","21,29,843","22,10,688",..,..,"22,99,912","22,78,053",..,..,"24,36,995","24,20,062",8.1,8.3,..,..,8.1,7.9,..,..,8.2,8,12
Chronic obstructive pulmonary disease (COPD) 71,"7,16,276","7,52,004",..,"8,36,893","7,80,389","8,05,140","7,79,355","8,06,592","8,32,114","8,04,043",4.2,4.3,..,4.6,4.2,4.3,4.1,4.2,4.3,4,12
"Perceived health, very good or excellent 16","22,20,569","22,60,599","23,15,378","23,27,341","22,93,668","22,46,698","22,32,564","22,41,611","21,87,172","22,05,525",67,67.5,68.7,68.7,68,67.3,68.2,69.6,68.9,69.4,12to19
"Perceived health, fair or poor 16","1,63,682","1,54,639","1,62,686","1,66,523","1,40,510","1,58,629","1,87,502","1,36,466","1,34,630","1,48,863",4.9,4.6,4.8,4.9,4.2,4.8,5.7,4.2,4.2,4.7,12to19
"Perceived mental health, very good or excellent 17","24,47,626","25,26,425","25,14,126","25,70,307","25,33,974","24,43,147","24,57,667","24,13,235","23,31,360","23,01,189",76.1,77,77.5,78.7,77.4,75.3,77.3,77,75.4,73.9,12to19
"Perceived mental health, fair or poor 17","1,08,052","1,15,248","1,29,981","1,07,266","1,02,756","1,24,185","1,08,708","1,19,009","1,56,172","1,72,778",3.4,3.5,4,3.3,3.1,3.8,3.4,3.8,5.1,5.6,12to19
"Life satisfaction, satisfied or very satisfied 18 19","30,28,495","30,85,613","30,88,420","30,77,954","31,48,642","31,37,196","30,78,519","30,21,790","29,75,113","30,30,964",94.1,94,95.2,94.4,96.3,96.9,96.9,96.6,96.3,97.4,12to19
"Perceived life stress, quite a lot (15 years and over) 20 21","3,75,886","3,32,637","3,45,921","3,38,119","3,46,649","3,89,590","4,21,688","3,61,790","3,52,745","4,13,384",18.4,15.7,16.5,16.3,16.3,18.3,19.9,17.2,17.1,19.5,12to19
Arthritis 22 23,"25,780","22,278","12,463E","20,446E","16,654E","27,483E","11,551E","16,660E","14,715E","9,712E",1.3,1.1,0.6E,1.0E,0.8E,1.3E,0.5E,0.8E,0.7E,0.5E,12to19
Diabetes 24 25,"11,262","9,627","15,920E","9,907E",F,"12,795E","18,754E","11,917E","11,822E","15,876E",0.3,0.3,0.5E,0.3E,F,0.4E,0.6E,0.4E,0.4E,0.5E,12to19
Asthma 26,"4,11,652","3,92,356","3,87,401","3,81,121","3,96,258","3,70,219","3,85,817","3,27,782","3,45,403","2,85,161",12.4,11.7,11.5,11.3,11.8,11.1,11.8,10.2,10.9,9,12to19
High blood pressure 27,"20,848","16,092","19,878E","17,551E","21,502E","20,647E","18,075E","19,112E","15,424E","17,536E",0.6,0.5,0.6E,0.5E,0.6E,0.6E,0.6E,0.6E,0.5E,0.6E,12to19
"Pain or discomfort by severity, moderate or severe 28 29","86,786","71,992","83,789","1,00,922","74,509","1,03,107","1,25,773","1,31,274","90,600","1,02,797",2.6,2.2,2.5,3,2.2,3.1,3.8,4.1,2.9,3.2,12to19
Pain or discomfort that prevents activities 29 30,"1,09,096","81,996","96,436","1,15,626","98,101","1,06,154","1,33,780","1,22,795","1,27,478","1,20,863",3.3,2.5,2.9,3.4,2.9,3.2,4.1,3.8,4,3.8,12to19
"Participation and activity limitation, sometimes or often 31 32","6,49,250","6,25,680","5,98,740","5,87,955","4,66,233","5,17,863",..,"5,90,081","5,92,013","6,19,101",19.6,18.7,17.8,17.4,13.8,15.5,..,18.4,18.7,19.5,12to19
"Current smoker, daily or occasional 33 34 35 36 37 38","4,90,296","4,05,109","4,03,212","3,82,961","3,71,279","3,75,512","3,08,353","2,95,709","2,79,580","2,44,682",14.9,12.1,12,11.4,11,11.3,9.4,9.2,8.8,7.7,12to19
"Current smoker, daily 33 34 35 37 38","3,01,069","2,30,408","2,53,432","2,28,369","2,28,077","1,98,311","1,69,899","1,64,250","1,46,129","1,19,271",9.1,6.9,7.5,6.8,6.8,6,5.2,5.1,4.6,3.8,12to19
Exposure to second-hand smoke at home 39,"6,55,382","6,26,355","5,50,506","4,61,049","4,50,695","4,39,570","3,73,437","3,33,525","3,02,605","2,68,358",23.4,21.4,18.6,15.5,15.1,14.9,12.6,11.4,10.5,9.2,12to19
"Exposure to second-hand smoke in the past month, in vehicles and/or public places 40","10,82,488","10,07,815","9,67,467","7,96,773","8,22,666","7,92,501","8,75,704","8,61,262","8,54,529","8,74,173",38.7,34.4,32.7,26.7,27.5,26.9,29.6,29.6,29.7,30,12to19
"Exposure to second-hand smoke in the past month, in vehicles 40","6,22,239","5,69,553","6,00,438","4,70,941","4,62,029","3,93,713","3,76,293","3,52,619","3,38,894","3,20,074",22.3,19.4,20.3,15.8,15.5,13.4,12.8,12.1,11.8,11,12to19
"Exposure to second-hand smoke in the past month, in public places 40","7,86,444","7,22,042","6,03,680","4,99,137","5,40,892","5,81,116","6,64,661","6,44,612","6,51,320","7,13,265",28.1,24.7,20.5,16.8,18.1,19.8,22.5,22.2,22.7,24.5,12to19
"5 or more drinks on one occasion, at least once a month in the past year (Terminated) 41 42","464,437t","475,980t","455,510t","457,214t","470,470t","455,435t","428,422t","362,839t",..t,..t,14.3t,14.4t,13.7t,13.6t,14.0t,13.8t,13.2t,11.3t,..t,..t,12to19
Heavy drinking 43,..,..,..,..,..,..,..,..,"3,90,355","3,36,839",..,..,..,..,..,..,..,..,12.4,10.7,12to19
"Fruit and vegetable consumption, 5 times or more per day 44 45","13,94,920","15,37,184","14,98,628","15,41,746","15,49,599","15,21,800","13,32,004","13,30,307","12,81,817","12,74,704",45.3,49,48,49.3,49.2,49.3,43.8,44.8,43.6,43.6,12to19
"Physical activity during leisure-time, moderately active or active 46 47","23,18,597","23,34,930","22,90,810","22,61,565","23,27,844","22,96,446","22,87,606","22,37,862","22,05,532","21,91,995",72,71.1,70.5,69.2,71,70.6,71.9,71.3,71.2,70.4,12to19
"Physical activity during leisure-time, inactive 46 47","9,01,526","9,47,631","9,57,935","10,07,581","9,50,071","9,54,676","8,95,979","9,02,979","8,92,793","9,20,919",28,28.9,29.5,30.8,29,29.4,28.1,28.7,28.8,29.6,12to19
"Body mass index, self-reported, adult (18 years and over), overweight or obese 48 49 50 51","1,51,204","1,85,299","1,62,395","1,98,371","1,97,204","1,87,940","1,83,433","1,88,870","1,73,473","1,99,623",19.6,23.5,21.5,25.6,25.4,23.2,23.1,25.8,22.3,26,12to19
"Body mass index, self-reported, adult (18 years and over), overweight 48 49 50 51","1,07,414","1,39,746","1,14,622","1,47,108","1,43,350","1,25,508","1,31,689","1,41,865","1,22,414","1,38,935",13.9,17.7,15.2,19,18.4,15.5,16.6,19.4,15.7,18.1,12to19
"Body mass index, self-reported, adult (18 years and over), obese 48 49 50 51","43,790","45,553","47,772","51,263","53,854","62,432","51,744","47,005","51,059","60,688",5.7,5.8,6.3,6.6,6.9,7.7,6.5,6.4,6.6,7.9,12to19
"Body mass index, self-reported, youth (12 to 17 years old), overweight or obese 48 49 52",..,"4,54,905","4,19,617","4,23,996","4,49,945","4,37,956","4,28,787","4,65,941","4,21,350","4,67,969",..,19.4,18.7,19.3,19.7,20,20.4,21.8,20.7,23.1,12to19
"Sense of belonging to local community, somewhat strong or very strong 53","23,23,075","23,77,524","23,90,522","24,40,237","24,34,502","23,78,001","23,40,578","23,61,437","23,21,716","23,64,420",73,73,74.5,75.6,75.1,73.7,74.4,76.1,75.7,76.5,12to19
Has a regular medical doctor 54,"28,22,150","28,35,316","28,34,138","28,08,647","28,35,626","28,16,033","27,70,357","27,16,955","27,10,007","27,01,043",85.7,85.1,84.7,83.5,84.8,84.9,85.2,84.8,86,85.6,12to19
Contact with a medical doctor in the past 12 months 32 55 56,"23,99,902","23,90,533","23,08,198","23,04,228","24,00,612","22,87,376",..,"21,56,182","20,86,879","21,31,323",73.3,72.2,69.2,68.7,72.1,69.6,..,67.8,66.6,67.8,12to19
"Influenza immunization, less than one year ago 57 58","5,33,187","7,23,952","7,16,622","7,02,327","7,19,891","5,65,582","6,98,269","5,46,009","5,97,731","6,36,112",17.3,23.1,23.2,22.5,23,18.2,22.9,18.2,20.3,21.5,12to19
Breastfeeding initiation 32 59 60,"11,620E","10,893","17,259E","11,401E","8,388E","14,948E",F,"7,671E",..,..,78.2,71.1,92.9,74.2,88,84.5,55.5E,87.7,..,..,12to19
"Exclusive breastfeeding, at least 6 months 32 59 61 62 63",F,Fr,Fr,Fr,F,F,F,F,..,..,F,Fr,Fr,Fr,F,F,F,F,..,..,12to19
Mood disorder 64,"90,238","1,01,797","95,616","1,20,138","87,859","99,675","98,875","1,11,930","1,32,462","1,43,114",2.7,3,2.8,3.6,2.6,3,3,3.5,4.2,4.5,12to19
"Wears a helmet when riding a bicycle, always 32 65",..,..,..,..,"7,23,340","7,40,321",..,..,"7,38,229","7,51,801",..,..,..,..,30.6,31.8,..,..,33.6,33.8,12to19
"Functional health, good to full 32 66 67 68",..,..,..,..,"28,32,755","28,14,052",..,..,"25,01,159","25,06,896",..,..,..,..,84.5,84.9,..,..,79.5,79.6,12to19
Injuries in the past 12 months causing limitation of normal activities 32 69,"7,80,849","8,05,521",..,..,"8,91,262","8,85,591",..,..,"8,30,763","8,14,662",23.6,24.3,..,..,26.4,26.6,..,..,26.2,25.6,12to19
"Injuries in the past 12 months, sought medical attention 32 69 70","4,49,846","4,61,259",..,..,"4,95,544","4,60,906",..,..,"4,30,775","4,43,258",13.6,13.9,..,..,14.7,13.9,..,..,13.6,14,12to19
Chronic obstructive pulmonary disease (COPD) 71,..,..,..,..,..,..,..,..,..,..,..,..,..,..,..,..,..,..,..,..,12to19
"Perceived health, very good or excellent 16","43,42,500","44,92,861","46,01,865","44,74,368","47,24,891","47,67,017","47,48,352","47,63,083","48,48,697","46,25,394",68.8,70,69.4,67.2,70.6,70.9,68.8,68.4,67.4,65.7,20to34
"Perceived health, fair or poor 16","3,23,273","3,21,639","3,76,746","3,48,379","3,40,710","3,56,695","4,22,670","4,06,974","3,99,850","4,46,472",5.1,5,5.7,5.2,5.1,5.3,6.1,5.8,5.6,6.3,20to34
"Perceived mental health, very good or excellent 17","47,63,468","48,93,182","50,68,602","50,81,434","50,98,999","51,67,134","51,50,791","50,90,828","52,53,258","50,41,936",76.5,77,77.8,77.3,77.2,77.6,75.3,73.8,74,72.3,20to34
"Perceived mental health, fair or poor 17","2,56,050","2,77,522","2,70,168","3,04,763","2,57,390","3,19,369","3,28,373","3,92,882","4,03,973","4,28,897",4.1,4.4,4.1,4.6,3.9,4.8,4.8,5.7,5.7,6.2,20to34
"Life satisfaction, satisfied or very satisfied 18 19","56,65,817","58,42,860","60,00,007","60,48,574","62,31,533","62,71,244","64,62,961","65,26,878","67,18,705","65,78,068",91,92,92.2,92.1,94.5,94.3,94.7,94.6,94.7,94.5,20to34
"Perceived life stress, quite a lot (15 years and over) 20 21","16,54,584","15,59,374","15,20,345","15,07,084","16,19,271","15,39,105","16,47,613","16,03,193","16,42,935","16,19,395",26.2,24.3,23,22.7,24.2,22.9,23.9,23.1,22.9,23,20to34
Arthritis 22 23,"2,30,757","2,07,457","1,76,854","1,94,064","1,49,528","1,59,076","2,22,766","1,70,618","1,66,599","2,09,215",3.7,3.2,2.7,2.9,2.2,2.4,3.2,2.5,2.3,3,20to34
Diabetes 24 25,"51,633","61,776","74,884","57,771","50,182","77,896E","57,963","61,316E","66,276","66,632",0.8,1,1.1,0.9,0.7,1.2E,0.8,0.9E,0.9,0.9,20to34
Asthma 26,"5,91,795","5,90,115","5,64,518","6,23,688","6,33,579","6,36,257","6,29,689","6,74,803","5,75,157","6,56,601",9.4,9.2,8.5,9.4,9.5,9.5,9.1,9.7,8,9.3,20to34
High blood pressure 27,"1,50,902","1,62,030","1,70,078","1,57,908","1,37,930","1,56,952","1,64,231","1,46,637","1,63,137","1,61,215",2.4,2.5,2.6,2.4,2.1,2.3,2.4,2.1,2.3,2.3,20to34
"Pain or discomfort by severity, moderate or severe 28 29","3,91,024","3,50,928","3,87,394","4,44,105","4,35,287","3,45,631","5,51,187","5,38,159","5,09,689","5,48,596",6.2,5.6,5.9,6.7,6.5,5.1,8,7.7,7.1,7.8,20to34
Pain or discomfort that prevents activities 29 30,"3,73,250","3,49,129","4,36,891","4,87,437","4,48,818","4,12,768","6,01,480","6,20,997","5,54,458","6,45,012",6,5.6,6.6,7.3,6.7,6.1,8.7,8.9,7.7,9.2,20to34
"Participation and activity limitation, sometimes or often 31 32","13,07,166","12,21,586","13,18,440","11,86,382","11,45,964","10,80,351",..,"14,98,353","14,37,142","16,25,274",20.7,19.1,19.9,17.8,17.1,16.1,..,21.5,20,23.1,20to34
"Current smoker, daily or occasional 33 34 35 36 37 38","18,87,015","18,34,116","19,32,382","19,14,422","17,65,328","18,10,337","18,40,306","18,84,976","18,37,564","17,21,286",30,28.7,29.3,28.8,26.5,27.1,26.8,27.2,25.6,24.6,20to34
"Current smoker, daily 33 34 35 37 38","13,36,988","12,78,805","13,81,551","13,98,553","12,57,026","12,03,275","12,69,578","12,76,124","11,89,826","11,14,414",21.3,20,20.9,21.1,18.9,18,18.5,18.4,16.6,15.9,20to34
Exposure to second-hand smoke at home 39,"4,83,255","3,96,348","3,05,061","3,30,591","3,30,199","3,10,915","3,03,711","2,47,458","2,32,473","2,14,808",11,8.7,6.5,7,6.7,6.4,6,4.9,4.4,4.1,20to34
"Exposure to second-hand smoke in the past month, in vehicles and/or public places 40","13,83,305","11,31,669","9,42,869","9,21,915","9,83,502","9,75,210","11,26,827","11,44,032","11,92,585","12,63,083",31.6,24.8,20.2,19.6,20.1,20,22.5,22.7,22.4,23.9,20to34
"Exposure to second-hand smoke in the past month, in vehicles 40","5,76,125","4,81,602","5,07,424","4,45,405","5,12,753","4,84,126","4,70,926","4,83,221","4,58,996","5,00,977",13.2,10.6,10.9,9.5,10.5,9.9,9.4,9.6,8.6,9.5,20to34
"Exposure to second-hand smoke in the past month, in public places 40","11,74,628","8,91,767","6,37,441","6,53,563","6,63,143","6,89,548","8,53,496","8,81,908","9,47,867","10,19,491",26.9,19.6,13.7,13.9,13.5,14.2,17,17.5,17.9,19.3,20to34
"5 or more drinks on one occasion, at least once a month in the past year (Terminated) 41 42","1,737,055t","1,900,417t","1,948,932t","1,943,362t","1,985,869t","2,030,022t","2,304,571t","2,183,912t",..t,..t,28.2t,30.0t,29.8t,29.6t,30.1t,30.7t,33.9t,31.7t,..t,..t,20to34
Heavy drinking 43,..,..,..,..,..,..,..,..,"22,74,283","21,04,262",..,..,..,..,..,..,..,..,32.1,30.5,20to34
"Fruit and vegetable consumption, 5 times or more per day 44 45","23,97,325","26,41,509","27,41,905","27,85,407","29,34,607","27,86,355","26,94,513","26,92,411","29,29,212","26,43,591",39.4,42.7,43,43.4,45.5,42.7,40.3,39.9,42.3,38.8,20to34
"Physical activity during leisure-time, moderately active or active 46 47","33,91,372","35,16,736","34,52,573","34,74,425","36,94,884","36,97,276","39,84,147","38,94,924","42,65,177","39,41,628",54.6,55.5,53.1,52.9,55.9,55.5,58.3,56.5,60.1,56.5,20to34
"Physical activity during leisure-time, inactive 46 47","28,18,380","28,21,361","30,52,565","30,94,724","29,10,748","29,58,757","28,54,493","30,03,339","28,33,421","30,38,162",45.4,44.5,46.9,47.1,44.1,44.5,41.7,43.5,39.9,43.5,20to34
"Body mass index, self-reported, adult (18 years and over), overweight or obese 48 49 50 51","23,70,276","23,90,076","25,22,423","25,17,983","24,69,824","25,73,610","26,24,762","27,09,110","27,72,702","27,68,988",39.7,39.3,40.6,40.3,39.3,40.6,40.3,41.1,41.4,42,20to34
"Body mass index, self-reported, adult (18 years and over), overweight 48 49 50 51","16,27,081","16,54,822","17,00,003","16,97,218","16,46,961","16,61,353","17,49,761","18,41,328","18,02,644","17,32,394",27.2,27.2,27.4,27.1,26.2,26.2,26.9,28,26.9,26.3,20to34
"Body mass index, self-reported, adult (18 years and over), obese 48 49 50 51","7,43,195","7,35,254","8,22,420","8,20,765","8,22,863","9,12,257","8,75,001","8,67,782","9,70,057","10,36,594",12.4,12.1,13.2,13.1,13.1,14.4,13.4,13.2,14.5,15.7,20to34
"Body mass index, self-reported, youth (12 to 17 years old), overweight or obese 48 49 52",...,...,...,...,...,...,...,...,...,...,...,...,...,...,...,...,...,...,...,...,20to34
"Sense of belonging to local community, somewhat strong or very strong 53","33,68,159","34,68,173","36,30,691","36,44,708","38,10,007","38,27,882","38,42,330","39,22,909","40,22,805","39,71,544",54.5,55,56.2,55.9,58.1,57.8,56.7,57.3,57,57.2,20to34
Has a regular medical doctor 54,"48,05,024","49,05,329","48,71,429","49,48,217","49,57,545","48,75,543","50,48,653","50,70,009","51,69,160","51,66,271",76.1,76.4,73.6,74.3,74.1,72.6,73.1,72.9,71.9,73.5,20to34
Contact with a medical doctor in the past 12 months 32 55 56,"48,29,612","49,48,305","48,69,051","48,94,620","49,62,943","49,33,740",..,"49,28,756","50,63,820","50,13,185",76.7,77.2,73.7,73.7,74.5,73.8,..,71.2,70.9,71.6,20to34
"Influenza immunization, less than one year ago 57 58","7,91,420","11,81,315","10,68,522","11,74,927","12,52,280","8,49,560","10,93,578","11,02,125","10,90,758","12,83,603",12.9,18.8,16.6,18.1,19.2,12.8,16.1,16.1,15.5,18.6,20to34
Breastfeeding initiation 32 59 60,"7,92,415","8,07,260","8,41,376","8,58,648","8,50,161","8,49,189","8,36,194","9,06,931",..,..,84.6,86.3,86.4,88,86.7,86.2,87,90.3,..,..,20to34
"Exclusive breastfeeding, at least 6 months 32 59 61 62 63","1,34,909","161,199r","175,203r","205,937r","1,98,973","2,32,145","2,25,893","1,91,899",..,..,15.4,18.4r,19.3r,22.7r,21.7,25.2,25,20.8,..,..,20to34
Mood disorder 64,"3,07,246","3,52,320","3,77,085","4,47,999","3,82,063","4,12,625","4,53,672","4,92,266","5,22,318","5,42,507",4.9,5.5,5.7,6.7,5.7,6.1,6.6,7.1,7.3,7.7,20to34
"Wears a helmet when riding a bicycle, always 32 65",..,..,..,..,"9,29,224","9,47,984",..,..,"10,97,294","11,17,335",..,..,..,..,30.5,32.6,..,..,34.1,35.3,20to34
"Functional health, good to full 32 66 67 68",..,..,..,..,"58,52,735","58,94,291",..,..,"60,42,325","58,53,984",..,..,..,..,88,88.2,..,..,84.5,84,20to34
Injuries in the past 12 months causing limitation of normal activities 32 69,"9,44,659","9,96,108",..,..,"11,20,811","11,90,233",..,..,"13,89,785","12,79,776",15,15.8,..,..,16.8,17.7,..,..,19.4,18.2,20to34
"Injuries in the past 12 months, sought medical attention 32 69 70","5,92,792","6,26,000",..,..,"6,20,007","6,42,031",..,..,"7,40,746","6,62,748",9.4,9.9,..,..,9.3,9.6,..,..,10.3,9.4,20to34
Chronic obstructive pulmonary disease (COPD) 71,..,..,..,..,..,..,..,..,..,..,..,..,..,..,..,..,..,..,..,..,20to34
"Perceived health, very good or excellent 16","33,70,281","33,19,588","31,65,441","31,68,963","31,79,460","31,28,273","30,55,052","30,55,180","29,53,160","31,01,792",63.7,65.3,64.8,65.5,65.7,65.5,65.4,64.8,64,64.6,35to44
"Perceived health, fair or poor 16","3,79,105","3,77,825","3,74,090","3,65,896","3,49,164","3,58,075","3,58,829","3,58,768","3,50,072","3,83,315",7.2,7.4,7.7,7.6,7.2,7.5,7.7,7.6,7.6,8,35to44
"Perceived mental health, very good or excellent 17","38,60,427","37,58,805","35,89,708","35,92,191","35,33,298","35,02,271","33,43,533","33,14,926","31,99,256","33,83,714",73.8,74.6,74.5,75.2,73.9,74,72.3,70.9,69.8,70.9,35to44
"Perceived mental health, fair or poor 17","2,42,225","2,55,439","2,32,337","2,50,847","2,75,927","2,39,476","2,95,087","2,40,405","3,10,347","3,13,189",4.6,5.1,4.8,5.2,5.8,5.1,6.4,5.1,6.8,6.6,35to44
"Life satisfaction, satisfied or very satisfied 18 19","47,32,590","45,81,148","44,25,055","43,63,847","43,79,753","43,36,165","42,56,723","43,69,793","41,98,366","44,01,530",90.6,91.2,92,91.5,91.9,91.9,92.5,93.5,91.8,92.5,35to44
"Perceived life stress, quite a lot (15 years and over) 20 21","15,93,870","15,12,389","14,35,901","13,71,356","14,25,679","14,23,233","13,93,401","13,81,970","14,02,148","14,06,272",30.2,29.9,29.5,28.4,29.5,29.8,29.9,29.4,30.4,29.3,35to44
Arthritis 22 23,"4,81,569","4,44,084","3,84,112","3,67,075","3,24,076","3,68,909","3,01,105","2,93,702","3,18,625","3,16,006",9.1,8.7,7.9,7.6,6.7,7.7,6.4,6.2,6.9,6.6,35to44
Diabetes 24 25,"1,12,783","1,03,715","1,28,738","1,32,484","1,15,141","1,33,626","1,43,226","1,25,785","1,32,305","1,28,793",2.1,2,2.6,2.7,2.4,2.8,3.1,2.7,2.9,2.7,35to44
Asthma 26,"3,58,465","3,79,895","3,44,026","3,77,931","3,55,232","3,67,135","3,73,597","3,22,316","3,69,069","3,47,666",6.8,7.5,7,7.8,7.3,7.7,8,6.8,8,7.2,35to44
High blood pressure 27,"3,41,277","3,33,475","3,43,450","3,43,882","3,69,533","3,83,409","3,39,470","3,67,951","3,36,147","3,50,698",6.5,6.6,7,7.1,7.6,8,7.3,7.8,7.3,7.3,35to44
"Pain or discomfort by severity, moderate or severe 28 29","4,52,038","4,69,905","5,00,659","4,68,575","4,86,457","4,82,163","5,62,077","5,74,153","5,52,419","5,36,531",8.6,9.5,10.3,9.7,10.1,10.1,12,12.2,12,11.2,35to44
Pain or discomfort that prevents activities 29 30,"5,38,143","5,10,339","5,35,119","5,04,818","5,21,023","5,12,519","6,11,922","6,26,131","6,44,210","6,02,679",10.2,10.3,11,10.4,10.8,10.7,13.1,13.3,14,12.6,35to44
"Participation and activity limitation, sometimes or often 31 32","13,88,604","12,17,342","13,04,364","10,88,274","10,69,036","10,82,326",..,"12,52,545","12,04,188","11,70,697",26.3,24,26.8,22.5,22.2,22.7,..,26.6,26.1,24.4,35to44
"Current smoker, daily or occasional 33 34 35 36 37 38","14,95,315","13,62,800","12,86,076","11,94,987","10,88,675","11,15,304","10,87,655","10,79,377","10,02,506","9,83,129",28.3,27,26.4,24.8,22.6,23.4,23.4,23.1,21.9,20.6,35to44
"Current smoker, daily 33 34 35 37 38","12,05,683","10,66,881","10,51,695","9,41,115","8,19,297","8,69,956","7,96,452","8,35,997","7,60,987","7,40,090",22.9,21.1,21.6,19.5,17,18.3,17.1,17.9,16.6,15.5,35to44
Exposure to second-hand smoke at home 39,"2,59,944","1,98,336","1,58,294","1,17,938","1,35,851","85,945","1,11,702","73,297","70,316E","64,791",6.9,5.4,4.4,3.3,3.7,2.4,3.1,2,2.0E,1.7,35to44
"Exposure to second-hand smoke in the past month, in vehicles and/or public places 40","8,53,124","6,38,011","5,48,307","4,75,467","4,77,033","5,12,549","5,87,729","5,26,258","5,22,601","5,79,523",22.7,17.3,15.3,13.1,12.8,14.1,16.5,14.7,14.6,15.3,35to44
"Exposure to second-hand smoke in the past month, in vehicles 40","2,99,855","2,20,558","2,39,524","1,99,711","1,91,432","1,99,977","1,99,664","1,85,655","1,52,556","1,65,621",8,6,6.7,5.5,5.2,5.5,5.6,5.2,4.3,4.4,35to44
"Exposure to second-hand smoke in the past month, in public places 40","7,19,619","5,17,670","3,89,469","3,41,262","3,37,760","4,03,000","4,66,213","4,25,364","4,26,474","4,92,259",19.2,14,10.9,9.4,9.1,11.1,13.1,11.9,11.9,13.1,35to44
"5 or more drinks on one occasion, at least once a month in the past year (Terminated) 41 42","938,624t","910,648t","827,501t","797,323t","807,233t","806,959t","931,950t","865,481t",..t,..t,18.2t,18.2t,17.2t,16.7t,16.9t,17.1t,20.3t,18.7t,..t,..t,35to44
Heavy drinking 43,..,..,..,..,..,..,..,..,"9,11,324","9,38,099",..,..,..,..,..,..,..,..,20.1,20,35to44
"Fruit and vegetable consumption, 5 times or more per day 44 45","19,17,127","19,31,753","19,39,256","19,21,227","20,53,489","19,98,716","18,27,630","18,59,191","18,34,094","18,81,552",37.6,39.3,41.2,41.1,44,43.1,40.4,40.9,41.1,40.5,35to44
"Physical activity during leisure-time, moderately active or active 46 47","25,71,853","24,47,265","22,65,145","22,48,698","23,45,895","23,56,104","23,70,467","24,27,723","23,89,831","24,67,778",49.2,48.8,47,47.1,49.1,49.8,51.2,51.9,52.2,51.8,35to44
"Physical activity during leisure-time, inactive 46 47","26,51,869","25,65,267","25,49,472","25,24,253","24,36,233","23,75,344","22,56,455","22,51,656","21,91,329","23,00,804",50.8,51.2,53,52.9,50.9,50.2,48.8,48.1,47.8,48.2,35to44
"Body mass index, self-reported, adult (18 years and over), overweight or obese 48 49 50 51","25,43,780","25,09,726","24,04,060","24,00,756","24,48,759","24,04,987","24,11,112","23,91,855","25,14,222","25,10,247",49.5,50.8,51.2,51.8,52.8,52.7,54.3,52.8,56.6,54.5,35to44
"Body mass index, self-reported, adult (18 years and over), overweight 48 49 50 51","17,79,332","17,27,051","15,86,415","15,77,425","15,66,197","15,66,468","15,09,416","15,13,476","16,11,201","15,27,826",34.6,35,33.8,34,33.7,34.3,34,33.4,36.3,33.1,35to44
"Body mass index, self-reported, adult (18 years and over), obese 48 49 50 51","7,64,448","7,82,675","8,17,645","8,23,331","8,82,562","8,38,519","9,01,696","8,78,379","9,03,020","9,82,421",14.9,15.8,17.4,17.8,19,18.4,20.3,19.4,20.3,21.3,35to44
"Body mass index, self-reported, youth (12 to 17 years old), overweight or obese 48 49 52",...,...,...,...,...,...,...,...,...,...,...,...,...,...,...,...,...,...,...,...,35to44
"Sense of belonging to local community, somewhat strong or very strong 53","33,15,578","31,74,418","30,80,763","29,54,844","29,76,021","30,57,962","29,25,777","30,10,074","29,16,195","30,60,338",63.9,63.7,64.6,62.7,62.7,65,63.8,64.8,64.2,64.6,35to44
Has a regular medical doctor 54,"44,78,018","42,63,620","40,97,404","40,00,603","39,81,896","39,17,691","38,48,605","39,30,441","37,71,624","39,84,090",84.6,83.8,83.9,82.6,82.3,82,82.3,83.4,81.8,82.9,35to44
Contact with a medical doctor in the past 12 months 32 55 56,"41,40,124","39,70,641","37,41,000","37,58,592","37,27,471","37,15,208",..,"36,37,925","35,31,178","35,94,726",78.5,78.3,76.8,77.9,77.6,78.2,..,77.6,76.9,75.3,35to44
"Influenza immunization, less than one year ago 57 58","9,60,600","12,67,193","11,08,797","11,01,099","11,31,552","8,29,979","9,55,414","8,65,045","8,77,844","12,00,676",18.4,25.3,23.1,23.2,23.7,17.5,20.7,18.5,19.2,25.2,35to44
Breastfeeding initiation 32 59 60,"3,72,702","4,27,580","4,35,714","4,46,910","4,13,331","4,90,754","5,06,817","4,96,305",..,..,85.4,88.6,88.9,90.8,89.2,88.8,91.6,90.3,..,..,35to44
"Exclusive breastfeeding, at least 6 months 32 59 61 62 63","86,651","111,495r","113,579r","140,787r","1,33,306","1,71,302","1,74,774","1,59,947",..,..,20.5,23.9r,24.4r,30.8r,29.8,32.3,33.1,30.6,..,..,35to44
Mood disorder 64,"3,20,594","3,21,285","3,63,216","3,33,072","3,54,329","3,62,435","3,68,405","3,62,428","4,11,274","3,97,783",6.1,6.3,7.4,6.9,7.3,7.6,7.9,7.7,8.9,8.3,35to44
"Wears a helmet when riding a bicycle, always 32 65",..,..,..,..,"8,93,485","8,97,414",..,..,"9,77,861","10,26,124",..,..,..,..,40.5,41.5,..,..,47.5,46.5,35to44
"Functional health, good to full 32 66 67 68",..,..,..,..,"40,61,312","40,73,651",..,..,"38,38,162","39,88,847",..,..,..,..,84.9,86,..,..,84,83.8,35to44
Injuries in the past 12 months causing limitation of normal activities 32 69,"6,55,356","6,29,746",..,..,"6,22,935","6,22,829",..,..,"7,16,346","6,97,533",12.4,12.7,..,..,12.9,13,..,..,15.6,14.5,35to44
"Injuries in the past 12 months, sought medical attention 32 69 70","4,06,596","3,72,828",..,..,"3,32,050","3,15,408",..,..,"3,66,722","3,71,523",7.7,7.5,..,..,6.9,6.6,..,..,8,7.7,35to44
Chronic obstructive pulmonary disease (COPD) 71,"1,15,160","1,05,122",..,"96,225","94,828","85,394","62,643","80,115","72,478","49,320",2.2,2.1,..,2,2,1.8,1.3,1.7,1.6,1,35to44
"Perceived health, very good or excellent 16","41,97,287","46,71,144","49,18,338","49,71,201","52,84,727","53,45,612","54,43,716","54,36,131","54,20,899","54,72,157",53.4,56.1,55.8,54.9,56.9,56.3,56.4,56.1,55.5,55.8,45to64
"Perceived health, fair or poor 16","11,40,878","11,43,723","11,98,466","12,84,642","12,53,534","13,67,732","13,12,205","12,34,584","13,18,418","13,77,996",14.5,13.7,13.6,14.2,13.5,14.4,13.6,12.7,13.5,14,45to64
"Perceived mental health, very good or excellent 17","55,65,975","60,77,571","64,02,775","64,42,012","66,07,714","68,06,275","67,77,669","67,36,653","67,15,348","68,39,231",72.2,74,74.1,72.3,72,72.6,71,70.1,69.5,70.6,45to64
"Perceived mental health, fair or poor 17","4,23,429","4,53,040","4,61,210","5,47,211","5,53,481","5,89,018","6,26,632","6,49,443","6,99,825","6,67,446",5.5,5.5,5.3,6.1,6,6.3,6.6,6.8,7.2,6.9,45to64
"Life satisfaction, satisfied or very satisfied 18 19","69,70,233","74,94,905","78,24,206","79,76,352","82,67,180","84,52,871","85,85,513","86,39,945","85,86,430","87,27,732",90.6,91.3,90.6,89.6,90.6,90.5,90.3,90.6,89.1,90.3,45to64
"Perceived life stress, quite a lot (15 years and over) 20 21","20,61,450","20,88,539","22,09,771","23,17,157","24,40,155","25,91,481","25,98,024","25,28,252","25,86,249","26,47,672",26.3,25.2,25.2,25.7,26.3,27.3,27,26.1,26.6,27,45to64
Arthritis 22 23,"19,29,420","19,57,865","18,45,837","18,99,225","18,93,842","19,56,726","21,46,707","19,36,739","19,76,615","20,67,269",24.6,23.5,21,21,20.4,20.6,22.3,20,20.3,21.1,45to64
Diabetes 24 25,"5,36,881","5,75,276","7,14,750","7,76,872","7,33,121","8,14,513","7,71,343","8,30,822","8,68,469","8,32,997",6.8,6.9,8.1,8.6,7.9,8.6,8,8.6,8.9,8.5,45to64
Asthma 26,"5,77,913","5,95,588","6,52,941","6,58,063","5,86,373","7,55,397","7,81,887","6,84,561","6,91,669","7,37,266",7.4,7.1,7.4,7.3,6.3,7.9,8.1,7.1,7.1,7.5,45to64
High blood pressure 27,"16,92,853","18,08,138","19,87,716","20,99,570","21,50,618","22,12,361","22,76,904","22,66,589","23,25,662","22,90,659",21.6,21.7,22.6,23.2,23.2,23.3,23.6,23.4,23.9,23.4,45to64
"Pain or discomfort by severity, moderate or severe 28 29","10,89,137","11,45,847","13,28,189","15,04,877","14,73,309","15,89,631","17,14,069","18,53,057","18,05,604","18,75,989",14,14.1,15.1,16.7,15.9,16.7,17.8,19.1,18.5,19.1,45to64
Pain or discomfort that prevents activities 29 30,"11,05,811","12,40,225","14,14,075","15,09,569","15,47,842","16,77,965","18,07,477","19,43,939","19,38,332","20,00,570",14.2,15.2,16.1,16.7,16.7,17.7,18.8,20.1,19.8,20.4,45to64
"Participation and activity limitation, sometimes or often 31 32","28,68,545","29,03,129","31,94,921","31,08,253","30,56,711","32,38,866",..,"38,19,158","36,22,957","37,01,047",36.6,34.9,36.3,34.4,32.9,34.1,..,39.4,37.2,37.8,45to64
"Current smoker, daily or occasional 33 34 35 36 37 38","18,02,718","18,58,517","20,57,218","20,67,504","20,85,831","21,84,460","20,80,926","22,11,004","20,97,939","19,69,122",23.1,22.4,23.4,22.9,22.5,23,21.7,22.9,21.6,20.2,45to64
"Current smoker, daily 33 34 35 37 38","15,36,111","15,57,271","17,78,899","17,60,470","17,73,311","18,23,643","17,56,223","18,59,305","17,32,867","16,46,369",19.7,18.8,20.2,19.5,19.1,19.2,18.3,19.3,17.8,16.9,45to64
Exposure to second-hand smoke at home 39,"5,35,007","4,44,728","4,14,356","3,96,671","3,71,914","3,55,695","3,39,434","2,92,696","3,12,920","2,70,255",8.9,6.9,6.2,5.7,5.2,4.9,4.5,4,4.1,3.5,45to64
"Exposure to second-hand smoke in the past month, in vehicles and/or public places 40","12,33,888","9,91,753","8,77,201","8,44,243","8,13,454","8,99,812","9,78,118","10,30,190","9,52,441","10,70,669",20.6,15.4,13,12.1,11.3,12.3,13,14,12.5,13.8,45to64
"Exposure to second-hand smoke in the past month, in vehicles 40","4,31,491","3,50,917","3,53,904","4,05,587","3,55,661","3,79,528","3,84,260","3,33,961","3,19,795","3,45,749",7.2,5.5,5.3,5.8,5,5.2,5.1,4.5,4.2,4.4,45to64
"Exposure to second-hand smoke in the past month, in public places 40","10,13,534","7,93,261","6,21,430","5,55,824","5,74,349","6,48,282","7,08,171","7,87,382","7,38,132","8,42,886",16.9,12.3,9.2,8,8,8.9,9.4,10.7,9.7,10.8,45to64
"5 or more drinks on one occasion, at least once a month in the past year (Terminated) 41 42","1,007,387t","1,154,850t","1,264,679t","1,276,204t","1,411,740t","1,451,238t","1,559,461t","1,381,041t",..t,..t,13.2t,14.1t,14.6t,14.3t,15.4t,15.5t,16.5t,14.6t,..t,..t,45to64
Heavy drinking 43,..,..,..,..,..,..,..,..,"16,68,494","15,93,891",..,..,..,..,..,..,..,..,17.4,16.6,45to64
"Fruit and vegetable consumption, 5 times or more per day 44 45","30,63,228","33,54,815","36,14,131","35,83,390","39,21,549","37,05,273","35,82,283","35,87,780","35,93,531","34,21,273",41,42.3,42.9,41.7,43.9,40.6,38.6,38.9,38.4,36.6,45to64
"Physical activity during leisure-time, moderately active or active 46 47","36,55,715","39,44,202","40,40,142","42,42,010","45,34,447","46,09,685","48,17,544","49,02,644","49,49,286","49,01,217",47.5,48.2,46.8,47.6,49.4,49,50.5,51,51.2,50.5,45to64
"Physical activity during leisure-time, inactive 46 47","40,38,821","42,46,374","45,96,900","46,71,986","46,37,458","47,96,775","47,26,537","47,09,441","47,25,987","48,12,111",52.5,51.8,53.2,52.4,50.6,51,49.5,49,48.8,49.5,45to64
"Body mass index, self-reported, adult (18 years and over), overweight or obese 48 49 50 51","44,25,907","47,37,420","49,38,817","50,72,820","53,03,163","55,88,496","55,49,375","56,24,364","57,39,486","58,66,118",57.7,58.1,58.3,58.1,59,60.8,59.6,59.9,60.7,61.8,45to64
"Body mass index, self-reported, adult (18 years and over), overweight 48 49 50 51","29,75,156","31,30,389","32,57,307","32,76,979","34,12,651","35,98,686","34,97,264","35,05,981","36,73,049","35,92,527",38.8,38.4,38.4,37.6,38,39.1,37.5,37.4,38.9,37.8,45to64
"Body mass index, self-reported, adult (18 years and over), obese 48 49 50 51","14,50,751","16,07,031","16,81,510","17,95,842","18,90,512","19,89,811","20,52,111","21,18,383","20,66,437","22,73,591",18.9,19.7,19.8,20.6,21,21.6,22,22.6,21.9,23.9,45to64
"Body mass index, self-reported, youth (12 to 17 years old), overweight or obese 48 49 52",...,...,...,...,...,...,...,...,...,...,...,...,...,...,...,...,...,...,...,...,45to64
"Sense of belonging to local community, somewhat strong or very strong 53","49,44,895","53,13,704","54,98,959","57,70,333","59,57,075","60,34,642","60,81,838","62,75,366","63,46,654","64,42,953",64.7,65.4,64.5,65.6,65.6,64.7,64.6,66.2,66.4,67,45to64
Has a regular medical doctor 54,"70,88,720","74,86,344","78,75,365","79,99,067","82,84,180","85,53,056","85,81,955","87,28,600","86,86,490","87,40,154",90.2,89.8,89.2,88.3,89.1,89.9,88.9,89.9,88.9,89,45to64
Contact with a medical doctor in the past 12 months 32 55 56,"65,08,160","69,59,436","72,77,365","75,36,442","77,41,789","80,69,805",..,"79,57,405","80,33,523","81,48,422",83.2,83.7,82.8,83.5,83.7,85.2,..,82.5,82.7,83.5,45to64
"Influenza immunization, less than one year ago 57 58","24,28,993","30,97,839","29,20,442","30,02,049","30,79,147","23,99,269","29,87,240","28,39,968","28,77,648","32,72,997",31.6,37.8,33.8,33.7,33.6,25.6,31.4,29.6,29.8,33.7,45to64
Breastfeeding initiation 32 59 60,"12,266E","15,676E","18,130E","10,284E","15,866E","24,601E","19,123E","17,145E",..,..,88.4,98.9,76.0E,F,88,94.9,91.8,91.6,..,..,45to64
"Exclusive breastfeeding, at least 6 months 32 59 61 62 63","5,223E",Fr,"4,506E,r",Fr,F,"7,340E",F,F,..,..,37.6E,"38.1E,r",Fr,Fr,35.2E,F,F,F,..,..,45to64
Mood disorder 64,"5,18,614","5,72,875","7,31,069","7,56,592","7,49,089","7,67,843","8,56,731","8,59,313","8,63,088","9,36,623",6.6,6.9,8.3,8.4,8.1,8.1,8.9,8.9,8.8,9.5,45to64
"Wears a helmet when riding a bicycle, always 32 65",..,..,..,..,"13,66,199","13,48,931",..,..,"17,10,321","17,76,676",..,..,..,..,43.3,42.6,..,..,48.2,50.4,45to64
"Functional health, good to full 32 66 67 68",..,..,..,..,"73,14,823","73,66,231",..,..,"73,80,301","73,41,760",..,..,..,..,80.2,79.2,..,..,77.3,76.7,45to64
Injuries in the past 12 months causing limitation of normal activities 32 69,"8,21,151","9,05,366",..,..,"11,46,562","12,19,969",..,..,"13,15,987","13,58,989",10.5,11.1,..,..,12.3,12.8,..,..,13.5,13.9,45to64
"Injuries in the past 12 months, sought medical attention 32 69 70","4,86,651","5,49,688",..,..,"6,18,984","5,95,454",..,..,"6,04,115","6,41,059",6.2,6.8,..,..,6.7,6.3,..,..,6.2,6.5,45to64
Chronic obstructive pulmonary disease (COPD) 71,"3,21,445","3,35,164",..,"3,95,896","3,19,576","3,89,182","3,66,998","3,44,023","3,69,513","3,75,839",4.1,4,..,4.4,3.4,4.1,3.8,3.5,3.8,3.8,45to64
"Perceived health, very good or excellent 16","13,86,769","15,50,870","15,90,605","16,56,230","17,87,919","18,53,076","19,84,749","21,46,503","23,07,755","23,86,333",36.7,39.6,38.7,39.1,40.9,41,42.5,44.2,45.4,45,64to100
"Perceived health, fair or poor 16","10,06,014","10,30,668","10,39,362","10,59,128","10,67,541","11,02,348","10,70,354","10,77,444","10,76,822","11,35,007",26.6,26.3,25.3,25,24.4,24.4,22.9,22.2,21.2,21.4,64to100
"Perceived mental health, very good or excellent 17","23,87,603","25,27,705","26,58,024","27,78,499","28,73,073","29,73,717","30,32,421","31,67,105","32,47,011","34,40,254",67.8,68.7,69.1,69.7,69.8,69.9,68.8,69.1,68.3,69,64to100
"Perceived mental health, fair or poor 17","1,79,881","1,89,738","1,72,271","1,94,844","2,30,468","2,23,784","2,51,850","2,53,338","2,62,224","2,89,903",5.1,5.2,4.5,4.9,5.6,5.3,5.7,5.5,5.5,5.8,64to100
"Life satisfaction, satisfied or very satisfied 18 19","32,28,963","33,51,299","35,07,236","36,23,312","35,66,131","37,06,870","38,58,840","39,95,247","41,73,705","43,86,269",92,91.2,91.4,91.3,88.5,88.5,89.1,88.8,89.3,89.3,64to100
"Perceived life stress, quite a lot (15 years and over) 20 21","3,93,465","3,99,469","4,46,255","4,37,451","4,97,337","5,40,837","5,42,471","5,44,513","5,95,883","5,91,542",10.5,10.3,10.9,10.4,11.5,12,11.7,11.3,11.8,11.2,64to100
Arthritis 22 23,"17,84,472","18,04,186","17,42,543","18,23,942","18,24,388","19,39,364","20,74,714","19,59,087","20,73,861","21,99,188",47.3,46,42.4,43,41.8,43,44.4,40.3,40.8,41.6,64to100
Diabetes 24 25,"5,10,420","5,74,726","6,80,870","6,79,436","7,91,816","8,02,696","8,02,066","8,94,226","8,86,001","9,67,048",13.5,14.6,16.5,16,18.1,17.7,17.1,18.3,17.4,18.2,64to100
Asthma 26,"2,86,885","2,91,748","2,91,533","3,22,098","3,37,500","3,17,460","3,40,900","3,76,372","3,81,712","4,22,123",7.6,7.4,7.1,7.6,7.7,7,7.3,7.7,7.5,8,64to100
High blood pressure 27,"16,16,348","17,32,878","19,12,067","19,95,078","21,32,513","21,57,844","23,14,635","23,11,727","24,24,909","25,10,545",42.8,44.2,46.5,47.1,48.9,47.7,49.5,47.6,47.7,47.4,64to100
"Pain or discomfort by severity, moderate or severe 28 29","6,48,448","7,27,797","7,68,368","8,81,005","8,64,979","9,30,542","10,90,354","10,92,805","11,37,578","11,46,416",17.5,19.4,18.8,20.9,19.9,20.6,23.4,22.5,22.4,21.7,64to100
Pain or discomfort that prevents activities 29 30,"6,72,631","7,39,628","7,95,832","8,72,133","8,95,064","9,66,006","10,78,210","10,77,296","11,24,540","11,25,209",18.1,19.7,19.4,20.7,20.6,21.4,23.2,22.2,22.2,21.3,64to100
"Participation and activity limitation, sometimes or often 31 32","20,84,719","20,72,883","22,78,847","21,89,773","20,96,811","23,02,403",..,"27,42,124","25,75,095","26,74,450",55.6,53.3,55.8,52.2,48.2,51.1,..,56.9,51.1,50.8,64to100
"Current smoker, daily or occasional 33 34 35 36 37 38","4,09,783","4,14,148","4,33,555","4,49,436","4,19,209","4,81,647","4,47,603","4,62,030","5,05,046","4,92,718",10.9,10.6,10.6,10.7,9.6,10.7,9.7,9.6,10,9.4,64to100
"Current smoker, daily 33 34 35 37 38","3,48,946","3,46,620","3,69,501","3,77,456","3,52,368","3,97,471","3,86,232","3,96,606","4,30,977","4,21,210",9.3,8.9,9,9,8.1,8.8,8.3,8.2,8.5,8,64to100
Exposure to second-hand smoke at home 39,"2,14,517","1,81,968","1,71,391","1,57,198","1,28,413","1,39,802","1,40,659","1,50,681","1,51,681","1,44,470",6.5,5.2,4.7,4.2,3.3,3.5,3.4,3.4,3.3,3,64to100
"Exposure to second-hand smoke in the past month, in vehicles and/or public places 40","3,69,590","2,50,439","2,32,628","2,01,458","2,22,013","2,35,669","3,06,147","3,04,576","2,94,973","3,18,334",11.1,7.2,6.4,5.4,5.6,5.9,7.3,7,6.5,6.7,64to100
"Exposure to second-hand smoke in the past month, in vehicles 40","1,24,708","91,946","1,01,159","88,686","95,338","95,477","1,12,544","99,294","91,551","96,072",3.8,2.6,2.8,2.4,2.4,2.4,2.7,2.3,2,2,64to100
"Exposure to second-hand smoke in the past month, in public places 40","2,92,861","1,91,705","1,56,634","1,33,673","1,44,898","1,66,845","2,23,969","2,30,979","2,24,532","2,43,117",8.8,5.5,4.3,3.6,3.7,4.2,5.4,5.3,5,5.1,64to100
"5 or more drinks on one occasion, at least once a month in the past year (Terminated) 41 42","137,945t","167,484t","200,717t","176,342t","192,735t","191,370t","220,100t","249,556t",..t,..t,3.8t,4.4t,5.0t,4.3t,4.5t,4.3t,4.8t,5.2t,..t,..t,64to100
Heavy drinking 43,..,..,..,..,..,..,..,..,"2,87,182","3,08,022",..,..,..,..,..,..,..,..,5.8,6,64to100
"Fruit and vegetable consumption, 5 times or more per day 44 45","15,77,322","17,18,115","17,20,257","17,51,332","18,95,181","18,32,349","17,51,881","17,91,638","18,18,355","19,64,009",48.2,49.5,47.5,47.4,49,45.7,42.3,42.1,41.3,42.9,64to100
"Physical activity during leisure-time, moderately active or active 46 47","14,51,449","15,81,043","15,90,698","16,97,583","17,68,657","17,86,470","19,39,848","21,16,410","23,02,769","23,79,672",41.4,43,41.3,42.6,43,41.9,43.9,46.1,48.4,47.7,64to100
"Physical activity during leisure-time, inactive 46 47","20,53,300","20,92,553","22,65,264","22,90,301","23,48,456","24,73,185","24,76,920","24,78,883","24,56,581","26,10,786",58.6,57,58.7,57.4,57,58.1,56.1,53.9,51.6,52.3,64to100
"Body mass index, self-reported, adult (18 years and over), overweight or obese 48 49 50 51","19,85,736","20,74,785","21,04,632","21,99,743","23,12,237","23,44,363","24,42,434","25,70,921","27,41,465","28,77,545",53.8,54.1,56.1,56.7,57.8,56.7,56.9,57.5,58.9,59.1,64to100
"Body mass index, self-reported, adult (18 years and over), overweight 48 49 50 51","14,39,884","14,80,633","14,57,244","15,07,792","15,49,507","16,04,107","16,75,537","17,66,287","18,49,740","19,05,234",39,38.6,38.8,38.9,38.7,38.8,39,39.5,39.7,39.2,64to100
"Body mass index, self-reported, adult (18 years and over), obese 48 49 50 51","5,45,853","5,94,152","6,47,389","6,91,950","7,62,730","7,40,255","7,66,897","8,04,633","8,91,725","9,72,310",14.8,15.5,17.3,17.8,19.1,17.9,17.9,18,19.2,20,64to100
"Body mass index, self-reported, youth (12 to 17 years old), overweight or obese 48 49 52",...,...,...,...,...,...,...,...,...,...,...,...,...,...,...,...,...,...,...,...,64to100
"Sense of belonging to local community, somewhat strong or very strong 53","24,14,828","25,73,565","26,63,366","28,14,098","28,85,936","30,52,591","30,97,940","32,87,389","34,37,187","35,95,956",70.3,71.6,71.2,72.7,71.9,73,72.2,73.7,73.8,73.9,64to100
Has a regular medical doctor 54,"36,16,536","37,41,620","39,26,266","40,33,184","41,71,943","43,01,997","44,66,546","46,41,063","48,61,705","50,30,912",95.6,95.3,95.2,95,95.3,95,95.4,95.1,95.4,94.8,64to100
Contact with a medical doctor in the past 12 months 32 55 56,"33,86,429","35,01,277","37,01,323","38,06,446","39,94,830","40,92,575",..,"43,46,179","45,48,108","47,48,235",90.3,90.2,90.8,90.9,92.5,91.5,..,90.3,90.4,90.8,64to100
"Influenza immunization, less than one year ago 57 58","23,60,032","26,11,134","26,51,149","26,48,964","27,33,311","25,09,783","28,40,733","29,39,108","30,46,323","31,44,570",67.2,70.9,69,66.6,66.5,59.4,64.4,64.1,64.1,63.1,64to100
Breastfeeding initiation 32 59 60,...,...,...,...,...,...,...,...,...,...,...,...,...,...,...,...,...,...,...,...,64to100
"Exclusive breastfeeding, at least 6 months 32 59 61 62 63",...,...,...,...,...,...,...,...,...,...,...,...,...,...,...,...,...,...,...,...,64to100
Mood disorder 64,"1,57,693","1,66,132","2,20,030","2,47,437","2,38,746","2,40,153","2,63,903","2,79,945","3,35,497","3,26,218",4.2,4.2,5.4,5.8,5.5,5.3,5.6,5.7,6.6,6.2,64to100
"Wears a helmet when riding a bicycle, always 32 65",..,..,..,..,"2,40,395","2,39,676",..,..,"3,82,761","4,01,972",..,..,..,..,40.7,38.3,..,..,47.4,48.3,64to100
"Functional health, good to full 32 66 67 68",..,..,..,..,"28,60,365","28,85,811",..,..,"32,24,828","34,22,675",..,..,..,..,68.6,66.7,..,..,67,68.6,64to100
Injuries in the past 12 months causing limitation of normal activities 32 69,"3,02,777","3,10,827",..,..,"3,99,765","4,42,615",..,..,"5,21,263","5,42,560",8,8.2,..,..,9.2,9.8,..,..,10.3,10.2,64to100
"Injuries in the past 12 months, sought medical attention 32 69 70","1,93,958","2,00,913",..,..,"2,33,327","2,64,254",..,..,"2,94,636","3,01,475",5.2,5.3,..,..,5.3,5.8,..,..,5.8,5.7,64to100
Chronic obstructive pulmonary disease (COPD) 71,"2,79,672","3,11,718",..,"3,44,771","3,65,985","3,30,563","3,49,714","3,82,455","3,90,124","3,78,884",7.4,7.9,..,8.2,8.4,7.3,7.5,7.9,7.7,7.2,64to100
